id_hos,โรงพยาบาล,ที่อยู่,รหัสเขต,เขต,tel,url,จำนวนเตียง,ละติจูด,ลองจิจูด,ประเภท,สิทธิบัตรทอง,สิทธิข้าราชการ,สิทธิประกันสังคม,จำนวนประชากรใกล้เคียงที่ต้องรองรับ,จำนวนประชากรต่อ 1 เตียง,จำนวนชุมชนใกล้เคียง
11536,โรงพยาบาลเวชการุณย์รัศมิ์,"38, 2 ถ. เลียบวารี แขวงกระทุ่มราย เขตหนองจอก กรุงเทพมหานคร 10530",1003,หนองจอก,29884100,http://wkrhosp.go.th/,187,13.85706248,100.8590214,รัฐ,YES,YES,YES,72543,387.9304813,93
23781,โรงพยาบาลนวมินทร์ 9,96 ถนนสีหบุรานุกิจ แขวงมีนบุรี เขตมีนบุรี กรุงเทพฯ 10510,1010,มีนบุรี,0 2518 1818,www.navamin9.com,121,13.81178513,100.7236235,เอกชน,NO,YES,YES,57109,471.9752066,59
41414,โรงพยาบาลทหารอากาศ (สีกัน),555 ถนน เดชะตุงคะ แขวง สีกัน เขตดอนเมือง กรุงเทพมหานคร 10210,1036,ดอนเมือง,0 2534 6464,http://rtafhospital.rtaf.mi.th,150,13.94122278,100.5814441,รัฐ,YES,YES,NO,41368,275.7866667,50
11482,โรงพยาบาลภูมิพลอดุลยเดช,171 ถนนพหลโยธิน แขวงคลองถนน เขตสายไหม กรุงเทพมหานคร 10220,1042,สายไหม,0 2543 7243,www.bhumibolhospital.rtaf.mi.th,774,13.9090645,100.6182845,รัฐ,YES,YES,YES,37469,48.40956072,43
44097,โรงพยาบาล รามคำแหง 2,222 ถนน รามคำแหง แขวงราษฎร์พัฒนา เขตสะพานสูง กรุงเทพมหานคร 10240,1044,สะพานสูง,0 2032 3888,https://www.ram2hospital.com/home,79,13.79156039,100.704988,เอกชน,NO,NO,NO,54571,690.7721519,42
41522,โรงพยาบาลรัตนประชารักษ์,175 ถนน ไมตรีจิต แขวงสามวาตะวันออก เขตคลองสามวา กรุงเทพมหานคร 10510,1046,คลองสามวา,21715900,http://kswhospital.go.th/,250,13.91006175,100.753046,รัฐ,NO,NO,NO,34896,139.584,42
11661,โรงพยาบาลวิชัยเวช อินเตอร์เนชั่นแนล หนองแขม,456-4561-8 ถนนเพชรเกษม แขวงหนองค้างพลู เขตหนองแขม กรุงเทพฯ 10160,1023,หนองแขม,0 2441 6999,www.vichaivej.com/nongkhaem/,200,13.70631212,100.351943,เอกชน,NO,YES,NO,38103,190.515,41
11686,โรงพยาบาลบางโพ,"93,95 ซอยแดรี่เบลล์ ถนนประชาราษฎร์ สาย2 แขวงบางซื่อ เขตบางซื่อ กรุงเทพฯ 10800",1029,บางซื่อ,0 2587 0144,https://bangpo-hospital.com,100,13.80695543,100.5230776,เอกชน,NO,YES,NO,29253,292.53,40
11722,โรงพยาบาลมงกุฎวัฒนะ,34/40 ถนนแจ้งวัฒนะ แขวงทุ่งสองห้อง เขตหลักสี่ กรุงเทพฯ 10210,1041,หลักสี่,0 2574 5000 -9,www.mongkutwattana.co.th,100,13.89407763,100.5614338,เอกชน,YES,YES,YES,34347,343.47,37
25015,โรงพยาบาลมิตรประชา,675 ถนนเพชรเกษม แขวงบางหว้า เขตภาษีเจริญ กรุงเทพฯ 10160,1022,ภาษีเจริญ,0 2455 5884,www.petkasem2hospital.com/,148,13.71174732,100.4318242,เอกชน,YES,NO,YES,34423,232.5878378,34
12243,สถาบันพัฒนาสุขภาวะเขตเมือง,18 ถนนพหลโยธิน แขวงอนุสาวรีย์ เขตบางเขน กรุงเทพมหานคร 10220,1005,บางเขน,0 2521 3056,http://mwi.anamai.moph.go.th/main.php?filename=index,50,13.87212894,100.5967029,รัฐ,NO,NO,NO,27384,547.68,32
11637,สถานพยาบาลนันอา,323 ถนนประชาธิปก แขวงสมเด็จเจ้าพระยา เขตคลองสาน กรุงเทพ 10600,1018,คลองสาน,0 2439 5100 -3,www.nan-ah.com,30,13.7313572,100.4953849,เอกชน,NO,NO,NO,34773,1159.1,31
11668,โรงพยาบาลสุขสวัสดิ์,272 ถนนสุขสวัสดิ์ แขวงบางปะกอก เขตราษฎร์บูรณะ กรุงเทพฯ 10140,1024,ราษฎร์บูรณะ,0 2874 6766 70,http://suksawathospital.com/,100,13.67599237,100.5010528,เอกชน,YES,YES,YES,27139,271.39,31
22737,โรงพยาบาลจุฬาภรณ์,54 ถนนกำแพงเพชร 6 แขวงตลาดบางเขน เขตหลักสี่ กรุงเทพมหานคร 10210,1041,หลักสี่,0 2576 6000,www.cccthai.org/l-th,100,13.88070976,100.578174,รัฐ,NO,YES,YES,16428,164.28,31
42770,โรงพยาบาลเฉพาะทางกระดูกและข้อ ข้อดีมีสุข,9 ซอยสุคนธสวัสดิ์ 38 แขวงลาดพร้าว เขตลาดพร้าว กรุงเทพมหานคร 10230,1038,ลาดพร้าว,0 2080 8999,https://kdmshospital.com/,24,13.83337422,100.6303677,เอกชน,NO,NO,NO,24028,1001.166667,30
14572,โรงพยาบาล บี.แคร์ เมดิคอลเซ็นเตอร์,29 หมู่ 6 ถนนพหลโยธิน แขวงสายไหม เขตสายไหม กรุงเทพมหานคร 10220,1042,สายไหม,0 2994 8200 -3,https://bcaremedicalcenter.com/,136,13.94315315,100.6245927,เอกชน,NO,YES,YES,36544,268.7058824,29
41371,โรงพยาบาลพระจอมเกล้าเจ้าคุณทหาร,3 ถ. ฉลองกรุง แขวงลำปลาทิว เขตลาดกระบัง กรุงเทพมหานคร 10520,1011,ลาดกระบัง,23298000,https://www.facebook.com/KMCHbyKMITL/?locale=th_TH,10,13.732206,100.7889863,รัฐ,NO,NO,NO,31704,3170.4,28
11706,โรงพยาบาลพีเอ็มจีบางขุนเทียน,124/74-75 ถนนดาวคะนอง -จอมทอง แขวงบางค้อ เขตจอมทอง กรุงเทพฯ 10150,1035,จอมทอง,0 2477 2290 -3,www.facebook.com/bang1hospital/,15,13.69901351,100.4698293,เอกชน,NO,NO,NO,26511,1767.4,27
21673,โรงพยาบาลซีจีเอชสายไหม,91 ถนนเฉลิมพงษ์ แขวงสายไหม เขตสายไหม กรุงเทพ ฯ 10220,1042,สายไหม,0 2991 8999,www.cgh.co.th/saimai/,100,13.92389314,100.6842547,เอกชน,NO,NO,NO,23518,235.18,27
14577,โรงพยาบาลวิภาราม,2677 ถนนพัฒนาการ แขวงสวนหลวง เขตสวนหลวง กรุงเทพฯ 10250,1034,สวนหลวง,0 2722 2500,www.vibharam.com/th/home.php,150,13.73485095,100.6452548,เอกชน,NO,YES,YES,35113,234.0866667,27
41700,โรงพยาบาลสินแพทย์ ศรีนครินทร์,19/9 ถนนเฉลิมพระเกียรติ ร.9 แขวงหนองบอน เขตประเวศ กรุงเทพมหานคร 10250,1032,ประเวศ,0 2006 8888,www.synphaet.co.th/srinakarin/,100,13.67819898,100.6487706,เอกชน,NO,NO,NO,17788,177.88,27
15049,โรงพยาบาลสิรินธร,20 ซ. อ่อนนุช 90 แขวงประเวศ เขตประเวศ กรุงเทพมหานคร 10250,1032,ประเวศ,23286900,http://www.sirindhornhosp.go.th/,345,13.7181636,100.7072014,รัฐ,YES,YES,YES,32312,93.65797101,26
11641,โรงพยาบาลวิชัยเวช แยกไฟฉาย,240/2-7 ถนน จรัญสนิทวงศ์ แขวงบ้านช่างหล่อ เขตบางกอกน้อย กรุงเทพฯ 10700,1020,บางกอกน้อย,0 2412 0055 -60,www.vichaivej.com/yaekfaichai/,59,13.75590929,100.4696751,เอกชน,NO,NO,NO,48364,819.7288136,25
42217,โรงพยาบาลศัลยกรรมตกแต่งมิลาด้า,1 ซอยสาธุประดิษฐ์ 20 ถนนสาธุประดิษฐ์ แขวงบางโคล่ เขตบางคอแหลม กทม. 10120,1031,บางคอแหลม,0 2212 4041,www.miladahospital.com/,8,13.70078748,100.5305732,เอกชน,NO,NO,NO,28314,3539.25,24
11558,โรงพยาบาลซีจีเอชโรงพยาบาลทั่วไปขนาดใหญ่,290 ถนนพหลโยธิน แขวงอนุสาวรีย์ เขตบางเขน กทม. ประเทศไทย 10220,1005,บางเขน,0 2552 8777,www.cgh.co.th/phaholyothin/,120,13.88908289,100.60683,เอกชน,NO,NO,NO,17172,143.1,23
11470,โรงพยาบาลนพรัตน์ราชธานี,679 ถนนรามอินทรา (กม.ที่ 10) แขวงคันนายาว เขตคันนายาว กรุงเทพมหานคร 10240,1043,คันนายาว,0 2517 4270 -9,www.nopparat.go.th,510,13.81691366,100.6879781,รัฐ,YES,YES,YES,16488,32.32941176,23
41580,โรงพยาบาลบุญญาเวช,834/1 ถนนเพชรเกษม แขวงบางแคเหนือ เขตบางแค กรุงเทพฯ 10160,1040,บางแค,0 2806 8885-7,www.boonyavej.com,29,13.70959469,100.386034,เอกชน,NO,NO,NO,14827,511.2758621,21
41556,โรงพยาบาลเกษมราษฏร์ รามคำแหง,99/9 ถนนรามคำแหง แขวงสะพานสูง เขตสะพานสูง กทม.,1044,สะพานสูง,0 2339 0000,www.kasemrad.co.th/ramkhamhaeng/,139,13.77911188,100.6763963,เอกชน,NO,NO,YES,20841,149.9352518,21
11645,โรงพยาบาลธนบุรี,34/1 ถนนอิสรภาพ แขวงบ้านช่างหล่อ เขตบางกอกน้อย กรุงเทพฯ 10700,1020,บางกอกน้อย,0 2412 0020,www.thonburihospital.com,435,13.75273835,100.4799293,เอกชน,NO,YES,NO,47562,109.337931,21
11540,โรงพยาบาลหลวงพ่อทวีศักดิ์ ชุตินฺธโร อุทิศ,6 ถนน หนองแขม-วัดศรีนวล 1 แขวงหนองแขม เขตหนองแขม กรุงเทพมหานคร 10160,1023,หนองแขม,24293575,http://lpthosp.go.th/,135,13.65617295,100.345064,รัฐ,YES,YES,YES,11933,88.39259259,21
11687,โรงพยาบาลเกษมราษฎร์ประชาชื่น,950 ถนนประชาชื่น แขวงบางซื่อ เขตบางซื่อ กรุงเทพฯ 10800,1029,บางซื่อ,0 2910 1600 -45,www.kasemrad.co.th/Prachachuen/th/site/home,373,13.83193241,100.5387714,เอกชน,NO,YES,YES,14750,39.54423592,21
44366,โรงพยาบาลเดอะซีพลัส ประเวศ,54 ถนน เฉลิมพระเกียรติ ร. 9 แขวงดอกไม้ เขตประเวศ กรุงเทพมหานคร 10250,1032,ประเวศ,23229555,https://thecplus.co.th/,0,13.69962666,100.6776555,เอกชน,YES,NO,NO,17236,ไม่มีเตียง,20
41670,โรงพยาบาลสิรินาถ บึงกุ่ม,10/1288 ซ.นวมินทร์93 ถ.นวมินทร์ แขวงนวมินทร์ เขตบึงกุ่ม กรุงเทพฯ 10240,1027,บึงกุ่ม,0 2407 2900,https://sirinartbuengkum.com/,52,13.79944188,100.6480465,เอกชน,NO,NO,NO,17799,342.2884615,20
11723,โรงพยาบาลเด็กสินแพทย์,508/10 ถนนรามอินทรา ก.ม.8.5 แขวงคันนายาว เขตคันนายาว กรุงเทพฯ 10230,1043,คันนายาว,0 2793 5000,www.synphaet.co.th/children-ramintra/,59,13.83347589,100.6663325,เอกชน,NO,NO,NO,17452,295.7966102,20
14641,โรงพยาบาลราชพิพัฒน์,18 ถนน พุทธมณฑลสาย ๓ แขวงบางไผ่ บางแค กรุงเทพมหานคร 10160,1048,ทวีวัฒนา,21024222,http://www.rpphosp.go.th/,441,13.73117204,100.3668863,รัฐ,YES,YES,YES,20994,47.60544218,20
24686,โรงพยาบาลเฉพาะทางอาชีวเวชศาสตร์อินเตอร์เมด,422 ถนนจรัลสนิทวงศ์ แขวงบางแวก เขตบางแวก ภาษีเจริญ กรุงเทพฯ,1022,ภาษีเจริญ,0 2865 0044,www.intermedthai.com/,3,13.73934279,100.444688,เอกชน,NO,NO,NO,14271,4757,19
11627,โรงพยาบาลโกลเด้นเยียส์,55/3 ถนนสุทธิสารวินิจฉัย แขวงสามเสนนอก เขตห้วยขวาง กรุงเทพฯ 10310,1017,ห้วยขวาง,0 2693 0733,www.goldenyears.co.th/,60,13.78988117,100.5774045,เอกชน,NO,NO,NO,10644,177.4,19
11531,โรงพยาบาลการไฟฟ้านครหลวง,809/1 ถนนสามเสน แขวงถนนนครไชยศรี เขตดุสิต กรุงเทพมหานคร 10300,1002,ดุสิต,0 2242 5045,www.mea.or.th/minisite/meahospital,120,13.78701602,100.5096763,รัฐ,NO,NO,NO,10988,91.56666667,19
41901,โรงพยาบาลเมดพาร์ค,3333 ถนนพระรามที่ ๔ แขวงคลองเตย เขตคลองเตย กรุงเทพมหานคร 10110,1033,คลองเตย,0 2023 3333,www.medparkhospital.com/,205,13.72184282,100.5561732,เอกชน,NO,NO,NO,31998,156.0878049,18
25060,โรงพยาบาลผู้สูงอายุบางขุนเทียน,1075/1 ถ. บางขุนเทียน แขวงท่าข้าม เขตบางขุนเทียน กรุงเทพมหานคร 10150,1021,บางขุนเทียน,24527999,https://www.bkt-hospital.go.th/,270,13.57325537,100.4233878,รัฐ,YES,YES,YES,12414,45.97777778,18
40865,โรงพยาบาลเอส วาย เอช,11 ซอยพหลโยธิน48แยก14 ถนนพหลโยธิน แขวงอนุสาวรีย์ เขตบางเขน กรุงเทพฯ 10220,1005,บางเขน,0 2955 7711,www.saiyudhospital.com,6,13.88226165,100.6077267,เอกชน,NO,NO,NO,19979,3329.833333,17
11647,โรงพยาบาลพีเอ็มจี,280 ถนนพระราม2 แขวงแสมดำ เขตบางขุนเทียน กรุงเทพฯ 10150,1021,บางขุนเทียน,0 2451 4920 -30,www.pmghospital.in.th/,109,13.65177948,100.4221163,เอกชน,YES,NO,YES,30619,280.9082569,17
43466,โรงพยาบาลรวมใจรักษ์,77 ซ. สุขุมวิท 62 แขวงพระโขนงใต้ เขตพระโขนง กรุงเทพมหานคร 10260,1009,พระโขนง,0 2768 9999,https://www.ruamjairak.com/,100,13.69344631,100.6035691,เอกชน,NO,NO,NO,12553,125.53,17
11676,โรงพยาบาลยันฮี,454 ถนนจรัญสนิทวงศ์ แขวงบางอ้อ เขตบางพลัด กรุงเทพฯ 10700,1025,บางพลัด,0 2879 0300,www.yanhee.co.th,400,13.79956982,100.5114496,เอกชน,NO,YES,NO,12802,32.005,17
43783,โรงพยาบาลศรีสวรรค์ ราชพฤกษ์,28 ถ. ราชพฤกษ์ ตลิ่งชัน เขตตลิ่งชัน กรุงเทพมหานคร 10170,1019,ตลิ่งชัน,0 2432 0098,https://bangkok.srisawan.com/,58,13.78899137,100.4472403,เอกชน,NO,NO,NO,10838,186.862069,16
11616,โรงพยาบาลสมิติเวช ธนบุรี,337 ถนนสมเด็จพระเจ้าตากสิน แขวงสำเหร่ เขตธนบุรี กรุงเทพฯ 10600,1015,ธนบุรี,0 2438 9000,www.samitivejhospitals.com/th/สมิติเวชธนบุรี,150,13.71420864,100.489516,เอกชน,NO,YES,NO,17772,118.48,16
11477,โรงพยาบาลทหารผ่านศึก,123 ถนนวิภาวดีรังสิต แขวงสามเสนใน เขตพญาไท กรุงเทพมหานคร 10400,1014,พญาไท,0 2245 0661,www.vgh.go.th,304,13.7719305,100.5516488,รัฐ,YES,YES,NO,12894,42.41447368,16
11720,โรงพยาบาลเทพธารินทร์,3850 ถนนพระรามที่ 4 แขวงพระโขนง เขตคลองเตย กรุงเทพฯ 10110,1033,คลองเตย,0 2348 7000,www.theptarin.com,80,13.71469019,100.5765497,เอกชน,NO,YES,NO,48304,603.8,15
15260,โรงพยาบาลสินแพทย์,9/99 ถนนรามอินทรา (ก.ม.8.5) แขวงคันนายาว เขตคันนายาว กรุงเทพฯ 10230,1043,คันนายาว,0 2793 5099,www.synphaet.co.th,287,13.83358961,100.6668883,เอกชน,NO,YES,NO,10041,34.98606272,15
42224,โรงพยาบาลฟัน,7 ซอยริมคลองพระโขนง แขวงพระโขนงเหนือ เขตวัฒนา กรุงเทพ 10110,1039,วัฒนา,0 2092 2000,www.dentalhospitalbangkok.com/th_brochures.php,2,13.71341954,100.6012545,เอกชน,NO,NO,NO,7843,3921.5,14
23957,สถานพยาบาลพระราม 3,168 ถนนเจริญราษฎร์ แขวงบางคอแหลม เขตบางคอแหลม กรุงเทพฯ 10120,1031,บางคอแหลม,0 2689 8888,www.thaieye.com/index.php,10,13.69057128,100.5087723,เอกชน,NO,NO,NO,21798,2179.8,14
11581,โรงพยาบาลผู้สูงอายุขนาดกลางกล้วยน้ำไท 2,"20,27 ซอยสุขุมวิท 68 ถนนสุขุมวิท แขวงบางนา เขตบางนา กรุงเทพฯ 10260",1047,บางนา,0 2399 4259,http://www.kluaynamthai2.com/NursingHome.php,90,13.67690201,100.6067941,เอกชน,NO,NO,NO,17043,189.3666667,14
11708,โรงพยาบาลบางมด,747 ถนนพระราม 2 แขวงบางมด เขตจอมทอง กรุงเทพฯ 10150,1035,จอมทอง,0 2867 0606,www.bangmodhos.com,203,13.67171959,100.4566345,เอกชน,YES,YES,YES,11037,54.36945813,14
11541,โรงพยาบาลเจริญกรุงประชารักษ์,8 ถ. เจริญกรุง แขวงบางคอแหลม เขตบางคอแหลม กรุงเทพมหานคร 10120,1031,บางคอแหลม,22897000,http://www.ckphosp.go.th/,471,13.69459212,100.4946513,รัฐ,NO,YES,YES,11340,24.07643312,14
11703,โรงพยาบาลแพทย์ปัญญา,124-126 ซอยรามคำแหงซอย 4 แขวงสวนหลวง เขตสวนหลวง กรุงเทพฯ 10250,1034,สวนหลวง,0 2314 0726,www.phaetpanya.com,109,13.74390485,100.6073331,เอกชน,YES,YES,YES,12558,115.2110092,13
11621,โรงพยาบาลบางไผ่,62 ซอยกิ่งเกษม ถนนเพชรเกษม แขวงปากคลองภาษีเจริญ แขวงภาษีเจริญ กรุงเทพฯ 10160,1022,ภาษีเจริญ,0 2457 0086,bangphaihospital.in.th,100,13.72516635,100.4650267,เอกชน,YES,YES,YES,8766,87.66,13
11669,โรงพยาบาลราษฏร์บูรณะ,377 ถนนราษฎร์พัฒนา (สุขสวัสดิ์ 27) แขวงบางปะกอก เขตราษฎร์บูรณะ กรุงเทพฯ 10140,1024,ราษฎร์บูรณะ,0 2872 1001 -5,www.rajburana.com,124,13.67795315,100.5026738,เอกชน,NO,NO,NO,7819,63.05645161,13
11537,โรงพยาบาลกลาง,514 ถ. หลวง แขวงป้อมปราบ เขตป้อมปราบศัตรูพ่าย กรุงเทพมหานคร 10100,1008,ป้อมปราบศัตรูพ่าย,22208000,http://www.klanghospital.go.th/,500,13.74679081,100.50925,รัฐ,YES,YES,YES,8825,17.65,13
42220,โรงพยาบาลพิม,68/87 หมู่ 7 ถ.ท่าข้าม แขวงแสมดำ เขตบางขุนเทียน กทม. 10150,1021,บางขุนเทียน,0 2895 7577,www.perfecthealthcare.co.th/,26,13.65761509,100.444725,เอกชน,NO,NO,NO,10327,397.1923077,12
11614,โรงพยาบาลรัชดา-ท่าพระ,6-6/1-3 ถนนรัชดา-ท่าพระ แขวงตลาดพลู เขตธนบุรี กรุงเทพฯ 10600,1015,ธนบุรี,0 2466 5031,-,25,13.71716429,100.4775147,เอกชน,NO,YES,NO,9744,389.76,12
22155,โรงพยาบาลครู,128/1 พิษณุโลก แขวง ดุสิต เขต ดุสิต กรุงเทพมหานคร 10300,1002,ดุสิต,0 2282 8833,www.otep.go.th,30,13.76680738,100.5076507,รัฐ,NO,YES,NO,11383,379.4333333,12
42202,โรงพยาบาลขนาดเล็กเปาโล โชคชัย,3 ถนนโชคชัย 4 แขวงลาดพร้าว เขตลาดพร้าว กทม. 10230,1038,ลาดพร้าว,0 2514 4141,www.paolohospital.com/th-TH/center,29,13.80183585,100.5962234,เอกชน,NO,NO,NO,8863,305.6206897,12
11560,โรงพยาบาลทั่วไปขนาดใหญ่เปาโล เกษตร,"2012/4-9,2014 พหลโยธิน เสนานิคม แขวงจตุจักร กรุงเทพฯ 10900",1030,จตุจักร,02-579-1770-4,www.paolohospital.com/th-TH/kaset/Home,162,13.83541315,100.5742605,เอกชน,NO,YES,YES,13353,82.42592593,12
24748,โรงพยาบาลศิริราช ปิยมหาราชการุณย์,2 ถนน วังหลัง แขวงศิริราช เขตบางกอกน้อย กรุงเทพมหานคร 10700,1020,บางกอกน้อย,0 2419 6177,www.siphhospital.com,345,13.75969863,100.4859563,รัฐ,NO,NO,NO,12085,35.02898551,12
12244,สถาบันจิตเวชศาสตร์สมเด็จเจ้าพระยา,112 ถนนสมเด็จเจ้าพระยา แขวงคลองสาน เขตคลองสาน กรุงเทพฯ 10600,1018,คลองสาน,0 2442 2500,www.somdet.go.th,500,13.73082861,100.5050164,รัฐ,NO,YES,NO,8597,17.194,12
40856,โรงพยาบาลสมิติเวชไชน่าทาวน์,624 ถนนเจริญกรุง แขวงสัมพันธวงศ์ เขตสัมพันธวงศ์ กรุงเทพฯ 10100,1013,สัมพันธวงศ์,0 2118 7888,www.bangkokhospitalchinatown.com/th,31,13.73779695,100.5125785,เอกชน,NO,NO,NO,4559,147.0645161,11
11535,โรงพยาบาลวชิรพยาบาล,681 ถ. สามเสน แขวงวชิรพยาบาล เขตดุสิต กรุงเทพมหานคร 10300,1002,ดุสิต,22443000,http://www.vajira.ac.th/,900,13.78078481,100.5092882,รัฐ,YES,YES,YES,10485,11.65,11
42709,โรงพยาบาลศัลยกรรมตกแต่งดับเบิ้ลยู,1 ประดิษฐ์มนูธรรม 25 แขวงลาดพร้าว เขตลาดพร้าว กรุงเทพมหานคร 10230,1038,ลาดพร้าว,0 2066 4242,www.w-surgeryhospital.com/th/,4,13.8212421,100.6252145,เอกชน,NO,NO,NO,11007,2751.75,10
11689,โรงพยาบาลเดอะซีเนียร์รัชโยธิน,206/1 ซอย พหลโยธิน 30 แยก 2-3 แขวง จันทรเกษม เขตจตุจักร กรุงเทพมหานคร 10900,1030,จตุจักร,0 2511 0303,www.senior.co.th/,26,13.82865954,100.5772954,เอกชน,NO,NO,NO,7752,298.1538462,10
41894,โรงพยาบาลศิริน,"8ซ.กรุงเทพกรีฑา 8, แยก 16 และแยก 18 แขวงหัวหมาก เขตบางกะปิ กรุงเทพฯ 10240",1006,บางกะปิ,0 2130 7803,http://serenehospitalthailand.com/node/1,30,13.7410358,100.6516779,เอกชน,NO,NO,NO,7717,257.2333333,10
11538,โรงพยาบาลนคราภิบาล (โรงพยาบาลลาดกระบัง),2 ซอย ลาดกระบัง 15 แขวงลาดกระบัง เขตลาดกระบัง กรุงเทพมหานคร 10520,1011,ลาดกระบัง,23269995,https://www.facebook.com/nakharaphiban/?locale=th_TH,60,13.72280039,100.7841135,รัฐ,YES,YES,YES,14079,234.65,10
11640,โรงพยาบาลธนบุรี 2,43/4 ถนนบรมราชชนนี เขตทวีวัฒนา แขวงศาลาธรรมสพน์ กรุงเทพฯ 10170,1048,ทวีวัฒนา,0 2487 2100,www.thonburi2hospital.com,95,13.78300489,100.4007833,เอกชน,NO,NO,NO,7616,80.16842105,10
11543,โรงพยาบาลมิชชั่น,430 ถนนพิษณุโลก แขวงสี่แยกมหานาค เขตดุสิต กรุงเทพฯ 10300,1002,ดุสิต,0 2282 1100,www.mission-hospital.org/th/,185,13.758133,100.518868,เอกชน,NO,YES,YES,10162,54.92972973,10
43838,ศูนย์การแพทย์ภัทรมหาราชานุสรณ์,906 ถ.กำแพงเพชร 6 แขวงตลาดบางเขน เขตหลักสี่ กทม. 10210,1041,หลักสี่,0 2576 6000,www.chulabhornhospital.com,400,13.87970782,100.5723477,รัฐ,NO,NO,NO,14166,35.415,10
11600,โรงพยาบาลเซนต์หลุยส์,27 ถนนสาทรใต้ แขวงยานนาวา เขตสาทร กรุงเทพฯ 10120,1028,สาทร,0 2838 5555,www.saintlouis.or.th,412,13.71941454,100.525211,เอกชน,NO,YES,NO,12602,30.58737864,10
77665,โรงพยาบาลการแพทย์แผนไทยและการแพทย์ผสมผสาน,ถ.บำรุงเมือง แขวงคลองมหานาค เขตป้อมปราบศัตรูพ่าย กรุงเทพมหานคร 10100,1008,ป้อมปราบศัตรูพ่าย,0 2224 3261,-,10,13.74975303,100.516012,รัฐ,NO,YES,NO,6861,686.1,9
23783,โรงพยาบาลเสรีรักษ์,44 ถนนเสรีไทย แขวงมีนบุรี เขตมีนบุรี กรุงเทพฯ 10510,1010,มีนบุรี,0 2761 9888,www.seriruk.co.th,71,13.81099757,100.717347,เอกชน,NO,YES,NO,15756,221.915493,9
11592,โรงพยาบาลบางนา1,1302 กม.3 ถนนบางนา-ตราด แขวงบางนา เขตบางนา กรุงเทพฯ 10260,1047,บางนา,0 2740 1800,www.bangna.co.th,100,13.66693365,100.6355573,เอกชน,YES,YES,YES,16396,163.96,9
11583,โรงพยาบาลกล้วยน้ำไท,80 ซอยแสงจันทร์-รูเบีย ถนนสุขุมวิท แขวงพระโขนง เขตคลองเตย กรุงเทพฯ 10110,1033,คลองเตย,0 2769 2000,www.kluaynamthai.com,111,13.71396885,100.5875656,เอกชน,YES,YES,YES,8568,77.18918919,9
11597,สถาบันกัลยาณ์ราชนครินทร์,23 หมู่ 8 ถนนพุทธมณฑลสาย 4 แขวงทวีวัฒนา เขตทวีวัฒนา กรุงเทพมหานคร 10170,1048,ทวีวัฒนา,0 2441 6100,www.galya.go.th/web,250,13.76158341,100.3318302,รัฐ,YES,YES,NO,10342,41.368,9
11469,โรงพยาบาลเลิดสิน,190 ถนนสีลม แขวงสีลม เขตบางรัก กรุงเทพมหานคร 10500,1004,บางรัก,0 2353 9799,www.lerdsin.go.th,528,13.72206537,100.5174983,รัฐ,YES,YES,YES,6699,12.6875,9
41329,โรงพยาบาลผู้สูงอายุเฌ้อสเซอรี่ โฮม,20 ถนนบางแวก ซอยบางแวก45 (จรัญสนิทวงศ์ 13 ) แขวงบางแวก เขตภาษีเจริญ กรุงเทพฯ 10160,1022,ภาษีเจริญ,0 2056 1684,www.cherseryhome.com,10,13.73593416,100.4448058,เอกชน,NO,NO,NO,5346,534.6,8
42207,โรงพยาบาลมาสเตอร์พีซ,115/10 ถ.สุโขทัย แขวง ดุสิต เขตดุสิต กทม. 10300,1002,ดุสิต,0 2105 4370,www.masterpiecehospital.com/,7,13.78085019,100.5113107,เอกชน,NO,NO,NO,3680,525.7142857,8
11575,โรงพยาบาลผู้ป่วยเรื้อรังขนาดเล็กกว๋องสิวมูลนิธิ,513-515 ถนนเจริญกรุง แขวงป้อมปราบ เขตป้อมปราบศัตรูพ่าย กรุงเทพฯ 10100,1008,ป้อมปราบศัตรูพ่าย,0 2221 8487,www.kwongsiew.com/thai/hospital/hospital.html,50,13.74164687,100.5112439,เอกชน,NO,NO,NO,2538,50.76,8
11714,โรงพยาบาลวิชัยยุทธ,71/3 ถนนเศรษฐศิริ แขวงสามเสนใน เขตพญาไท กรุงเทพฯ 10400,1014,พญาไท,0 2265 7777,www.vichaiyut.co.th/thai/,219,13.78327857,100.5337355,เอกชน,NO,NO,NO,6895,31.48401826,8
14574,โรงพยาบาลพญาไท 3,111 ถนนเพชรเกษม แขวงปากคลองภาษีเจริญ เขตภาษีเจริญ กรุงเทพฯ 10160,1022,ภาษีเจริญ,0 2467 1111,www.phyathai.com,230,13.72296642,100.4640606,เอกชน,NO,YES,NO,6689,29.0826087,8
11607,โรงพยาบาลเปาโลเมโมเรียล,670/1 ถนน พหลโยธิน แขวงสามเสนใน เขตพญาไท กรุงเทพฯ 10400,1014,พญาไท,0 2271 7000,www.paolohospital.com,237,13.79222214,100.5504325,เอกชน,NO,YES,NO,6173,26.0464135,8
11656,โรงพยาบาลเกษมราษฏร์บางแค,"586, 588 ถนนเพชรเกษม แขวงบางแคเหนือ เขตบางแค กรุงเทพฯ 10160",1040,บางแค,0 2804 8959 -70,www.kasemrad.co.th/Bangkae/th/site/home,317,13.71054439,100.3987807,เอกชน,NO,YES,YES,3039,9.586750789,8
28846,โรงพยาบาลผิวหนัง อโศกสาขาปิ่นเกล้า,107 ถ.บรมราชชนนี แขวงอรุณอัมรินทร์ เขตบางกอกน้อย กรุงเทพฯ 10700,1020,บางกอกน้อย,0 2434 5222,www.skinhospital.co.th,32,13.78212112,100.4731591,เอกชน,NO,NO,NO,8585,268.28125,7
14578,โรงพยาบาลผู้ป่วยเรื้อรังศุขเวช,20/6 ซอยรามคำแหง 21 แยก 2 ถนนรามคำแหง แขวงพลับพลา เขตวังทองหลาง กรุงเทพฯ 10310,1045,วังทองหลาง,0 2319 5865,https://sukavet.com/,30,13.75801721,100.6097227,เอกชน,NO,NO,NO,7937,264.5666667,7
41072,โรงพยาบาลสหวิทยาการมะลิ,771/1 ซอยเอกชัย 85 ถนนเอกชัย แขวงบางบอน เขตบางบอน กรุงเทพฯ 10150,1050,บางบอน,0 2417 1155,www.mali-imc.com,19,13.67289367,100.4241565,เอกชน,YES,NO,NO,4234,222.8421053,7
23780,โรงพยาบาลมนารมย์,9 ซอยสุขุมวิท 70/3 ถนนสุขุมวิท แขวงบางนา เขตบางนา กรุงเทพ ฯ 10260,1047,บางนา,0 2725 9595,www.manarom.com,32,13.66445035,100.6019585,เอกชน,NO,NO,NO,4021,125.65625,7
21339,โรงพยาบาลบางปะกอก 9 อินเตอร์เนชั่นแนล,362 ถนนพระราม 2 แขวงบางมด เขตจอมทอง กรุงเทพฯ 10150,1035,จอมทอง,0 2109 9111,www.bangpakokhospital.com,200,13.68199052,100.4746418,เอกชน,NO,YES,NO,8899,44.495,7
11539,โรงพยาบาลตากสิน,543 ถ. สมเด็จเจ้าพระยา แขวงคลองสาน คลองสาน กรุงเทพมหานคร 10600,1018,คลองสาน,24370123,http://www.taksinhosp.go.th/,421,13.73077448,100.5087195,รัฐ,YES,YES,YES,2682,6.370546318,7
43509,โรงพยาบาลคูน,168 ถ พระรามที่ 2 ซอย 33 แขวงบางมด เขตจอมทอง กรุงเทพมหานคร 10150,1035,จอมทอง,0 2405 3899,https://www.koonhospital.com/,30,13.67437966,100.4654239,เอกชน,NO,NO,NO,2013,67.1,6
42183,โรงพยาบาลอินทรารัตน์,555/5 ถ.รามอินทรา แขวงรามอินทรา เขตคันนายาว กรุงเทพฯ 10230,1043,คันนายาว,0 2481 5555,https://www.intrarathospital.co.th/,82,13.83052064,100.6715838,เอกชน,YES,NO,NO,4926,60.07317073,6
11721,โรงพยาบาลเปาโล โชคชัย 4,1 ถนนโชคชัย 4 แขวงลาดพร้าว เขตลาดพร้าว กรุงเทพฯ 10230,1038,ลาดพร้าว,0 2514 4140 -9,www.paolohospital.com,120,13.80153818,100.5961288,เอกชน,NO,NO,YES,5059,42.15833333,6
15147,โรงพยาบาลบางปะกอก 8 อินเตอร์เนชั่นแนล,1055 ถนนเอกชัย แขวงบางบอน เขตบางบอน กรุงเทพฯ 10150,1050,บางบอน,0 2109 8111,www.bangpakok8.com,120,13.66293003,100.4070596,เอกชน,NO,YES,YES,3681,30.675,6
11564,โรงพยาบาลเวชธานี,1 ถนนลาดพร้าว ซอย 111 แขวงคลองจั่น เขตบางกะปิ กรุงเทพฯ 10240,1006,บางกะปิ,0 2734 0000,www.vejthani.com/bangkok-hospital-in-thailand/,263,13.7719386,100.6369321,เอกชน,NO,YES,NO,7233,27.50190114,6
11730,โรงพยาบาลไทยนครินทร์,345 ถนนบางนา-ตราด (กม. 3.5) แขวงบางนา เขตบางนา กรุงเทพฯ 10260,1047,บางนา,0 2361 2727,www.thainakarin.co.th,350,13.6681899,100.6383205,เอกชน,NO,YES,NO,6730,19.22857143,6
11644,โรงพยาบาลเจ้าพระยา,113/44 ถนนบรมราชชนนี แขวงอรุณอมรินทร์ เขตบางกอกน้อย กรุงเทพฯ 10700,1020,บางกอกน้อย,0 2434 1111,www.chaophya.com/chaophya/pages/homepage.php,200,13.78020223,100.4705575,เอกชน,NO,YES,NO,3446,17.23,6
42197,โรงพยาบาลลาดพร้าวเวชกรรม,899 ซอยลาดพร้าว 95 ถนนลาดพร้าว แขวงคลองเจ้าคุณสิงห์ เขตวังทองหลาง กทม.,1045,วังทองหลาง,0 2530 2556,www.ladpraohospital.com/home.php,26,13.77872573,100.6234496,เอกชน,NO,NO,NO,4332,166.6153846,5
11626,โรงพยาบาลคลองตัน,3284 ถนนเพชรบุรีตัดใหม่ แขวงบางกะปิ เขตห้วยขวาง กรุงเทพฯ10320,1017,ห้วยขวาง,0 2319 2101 -5,www.klongtun-hospital.com,32,13.7419007,100.5944111,เอกชน,YES,YES,NO,4685,146.40625,5
41865,โรงพยาบาลภัสรพิบาล เนอสซิ่งโฮม,185 ซอยลาดพร้าว 71 (แยกสังคมสงเคราะห์ 5) ถนนลาดพร้าว,1045,วังทองหลาง,0 2538 7458,https://www.nursinghome.co.th/,29,13.7948129,100.6072648,เอกชน,NO,NO,NO,3056,105.3793103,5
11728,โรงพยาบาลนวศรีเนอสซิ่งโฮม,65/17 ซอยรามคำแหง 21 ถนนรามคำแหง แขวงพลับพลา เขตวังทองหลาง กรุงเทพมหานคร 10310,1045,วังทองหลาง,096 920 9955,https://www.navaranursingcare.com/,50,13.75488645,100.6074542,เอกชน,NO,NO,NO,4149,82.98,5
44480,โรงพยาบาลไอเอ็มเอช สีลม,46/7-9 ถ. มเหสักข์ แขวงสุริยวงศ์ เขตบางรัก กรุงเทพมหานคร 10500,1004,บางรัก,26357123,https://www.imhsilom.com/,132,13.72534748,100.5193273,เอกชน,YES,YES,YES,6409,48.5530303,5
42141,โรงพยาบาลนวเวช,9 ถนนรัชดา-รามอินทรา แขวงนวลจันทร์ เขตบึงกุ่ม กรุงเทพ 10230,1027,บึงกุ่ม,0 2483 9999,https://navavej.com/,99,13.81726549,100.644139,เอกชน,NO,NO,NO,4406,44.50505051,5
11595,โรงพยาบาลนวมินทร์,41 ถนนสีหบุรานุกิจ แขวงมีนบุรี เขตมีนบุรี กรุงเทพฯ 10510,1010,มีนบุรี,0 2918 5080,www.navamin.com,180,13.81138334,100.721632,เอกชน,YES,NO,YES,7682,42.67777778,5
11704,โรงพยาบาลสมิติเวชศรีนครินทร์,488 ถนนศรีนครินทร์ เขต/แขวงสวนหลวง กรุงเทพ 10250,1034,สวนหลวง,0 2022 2222,www.samitivejhospitals.com/th/สมิติเวชศรีนครินทร์/,154,13.74884332,100.6384359,เอกชน,NO,YES,NO,6405,41.59090909,5
24923,โรงพยาบาลสถาบันโรคไตภูมิราชนครินทร์,8/99 ถนนพญาไท แขวงถนนพญาไท เขตราชเทวี กรุงเทพฯ 10400,1037,ราชเทวี,0 2684 5000,www.brkidney.org,146,13.75967038,100.5348022,เอกชน,NO,YES,NO,5211,35.69178082,5
11691,โรงพยาบาลวิภาวดี,51/3 ถนนงามวงศ์วาน แขวงลาดยาว จตุจักร กรุงเทพฯ 10900,1030,จตุจักร,0 2561 1111,www.vibhavadi.com,250,13.8462444,100.5625848,เอกชน,NO,YES,NO,3765,15.06,5
11478,โรงพยาบาลสมเด็จพระปิ่นเกล้า,504 ถนนสมเด็จพระเจ้าตากสิน ตำบลบุคคโล เขตธนบุรี กรุงเทพมหานคร 10600,1015,ธนบุรี,0 2475 2677,www.pinklao.go.th,507,13.71044943,100.4863118,รัฐ,YES,YES,YES,5503,10.85404339,5
11565,โรงพยาบาลรามคำแหง,436 ถนนรามคำแหง แขวงหัวหมาก เขตบางกะปิ กรุงเทพ 10240,1006,บางกะปิ,0 2743 9999,www.ram-hosp.co.th,486,13.76078957,100.6361887,เอกชน,NO,YES,NO,4566,9.395061728,5
13814,โรงพยาบาลศิริราช,2 ถนนอรุณอมรินทร์ แขวงศิริราช เขตบางกอกน้อย กรุงเทพมหานคร 10700,1020,บางกอกน้อย,0 2419 7093 -4,www.si.mahidol.ac.th,1792,13.75752567,100.4850363,รัฐ,YES,YES,YES,7640,4.263392857,5
11559,โรงพยาบาลศณิสา,83/125-6 ซ.ชินเขต 2 ถนนงานวงศ์วาน ทุ่งสองห้อง หลักสี่ กรุงเทพฯ 10210,1041,หลักสี่,0 2580 7426 -9,cknursinghome.com/index.php?fileN=main.php,30,13.85577873,100.5515193,เอกชน,NO,NO,NO,14946,498.2,4
41577,โรงพยาบาลธนบุรี บำรุงเมือง,611 ถนน บำรุงเมือง แขวง คลองมหานาค เขต ป้อมปราบศัตรูพ่าย กรุงเทพ 10100,1008,ป้อมปราบศัตรูพ่าย,0 2220 7999,www.thonburibamrungmuang.com,47,13.75042106,100.5146847,เอกชน,NO,NO,NO,1583,33.68085106,4
24037,โรงพยาบาลพญาไท นวมินทร์,44/505 หมู่ 10 ถนนนวมินทร์ 86-88 แขวงคลองกุ่ม เขตบึงกุ่ม กรุงเทพฯ 10230,1027,บึงกุ่ม,0 2944 7111,www.phyathai-nawamin.com,140,13.82533833,100.6573949,เอกชน,NO,YES,YES,3211,22.93571429,4
12439,สถาบันประสาทวิทยา,312 ถนนราชวิถี แขวงทุ่งพญาไท เขตราชเทวี กรุงเทพมหานคร 10400,1037,ราชเทวี,0 2306 9899,www.pni.go.th,300,13.76891885,100.5273255,รัฐ,YES,YES,NO,6008,20.02666667,4
11629,โรงพยาบาลเพชรเวช,2469/13 ถ.เพชรบุรีตัดใหม่ ระหว่างแยกเอกมัย-คลองตัน แขวงบางกะปิ เขตห้วยขวาง กรุงเทพฯ 10310,1017,ห้วยขวาง,0 2718 1515,www.petcharavejhospital.com/th/,200,13.74299217,100.5947606,เอกชน,YES,NO,YES,3606,18.03,4
11548,โรงพยาบาลกรุงเทพคริสเตียน,124 ถนนสีลม แขวงสีลม แขวงสุนิยวงศ์ เขตบางรัก กรุงเทพฯ 10500,1004,บางรัก,0 2235 1000,www.bch.in.th,198,13.72822638,100.5312965,เอกชน,NO,YES,NO,2597,13.11616162,4
11479,โรงพยาบาลทหารเรือกรุงเทพ,224 ถนนริมทางรถไฟเก่า แขวงบางนา เขตบางนา กรุงเทพมหานคร,1047,บางนา,0 2475 2406,www2.nmd.go.th,230,13.66978563,100.587565,รัฐ,YES,YES,NO,1878,8.165217391,4
11471,โรงพยาบาลสงฆ์,445 ถนนศรีอยุธยา แขวงทุ่งพญาไท เขตราชเทวี กรุงเทพมหานคร 10400,1037,ราชเทวี,0 2640 9537,www.priest-hospital.go.th,937,13.76200836,100.526587,รัฐ,YES,YES,NO,3482,3.716115261,4
11699,โรงพยาบาลบำรุงราษฎร์,33 ซอยสุขุมวิท3(นานาเหนือ) ถนนสุขุมวิท แขวงคลองเตยเหนือ เขตวัฒนา กรุงเทพฯ 10110,1039,วัฒนา,0 2667 1000,www.bumrungrad.com,538,13.74630867,100.5523954,เอกชน,NO,YES,NO,1174,2.182156134,4
42170,โรงพยาบาลทันตกรรม กรุงเทพ อินเตอร์เนชั่นแนล,98 ซอยสุขุมวิท 2 แขวงคลองเตย เขตคลองเตย กรุงเทพ,1033,คลองเตย,0 2115 8977,https://dentalhospitalthailand.com/th/index/,4,13.73853157,100.5514935,เอกชน,NO,NO,NO,7355,1838.75,3
11532,โรงพยาบาลสวนเบญจกิติเฉลิมพระเกียรติ84พรรษา,184 ถนนพระรามที่ 4 แขวงคลองเตย เขตคลองเตย กรุงเทพมหานคร 10110,1033,คลองเตย,0 2229 1000,www.thaitobacco.or.th,82,13.72483961,100.5539739,รัฐ,NO,NO,NO,10186,124.2195122,3
41861,โรงพยาบาลเอส,523/1 ถนนประดิษฐ์มนูธรรม แขวงวังทองหลาง เขตวังทองหลาง กรุงเทพมหานคร 10310,1045,วังทองหลาง,0 2034 0808,https://www.s-spinehospital.com/main/,26,13.78420866,100.6074974,เอกชน,NO,NO,NO,2925,112.5,3
24793,สถานพยาบาลผู้ป่วยเรื้อรังเดอะซีเนียร์ 3,"131 ถนน รัชดาภิเษก,แขวง จันทรเกษม เขต จตุจักร กรุงเทพมหานคร 10900",1030,จตุจักร,0 2930 0020,www.senior.co.th/,30,13.82714103,100.5744731,เอกชน,NO,NO,NO,2278,75.93333333,3
11677,โรงพยาบาลตา หู คอ จมูก,585 - 585/1 ถนนสิรินธร แขวงบางบำหรุ เขตบางพลัด กรุงเทพฯ 10700,1025,บางพลัด,0 2886 6600,www.eent.co.th/home.html,46,13.78751613,100.4703998,เอกชน,NO,NO,NO,2549,55.41304348,3
11546,โรงพยาบาลบี เอ็น เอช,9/1 ถนนคอนแวนต์ แขวงสีลม เขตบางรัก กรุงเทพฯ 10500,1004,บางรัก,0 2686 2700,www.bnhhospital.com/th/,86,13.72492177,100.5350568,เอกชน,NO,YES,NO,3574,41.55813953,3
11534,โรงพยาบาลบุรฉัตรไชยากร (รถไฟ),700 ถนนนิคมมักกะสัน แขวงมักกะสัน เขตราชเทวี กรุงเทพมหานคร 10400,1037,ราชเทวี,0 2251 2042,www.kannikamee18.wordpress.com,120,13.75201707,100.5516563,รัฐ,NO,NO,NO,3623,30.19166667,3
23930,ศูนย์การแพทย์วิชัยยุทธ,53 ถนนเศรษฐศิริ แขวงสามเสนใน เขตพญาไท กรุงเทพฯ 10400,1014,พญาไท,0 2265 7777,www.vichaiyut.co.th/thai/,114,13.78067169,100.5328584,เอกชน,NO,NO,NO,2018,17.70175439,3
11670,โรงพยาบาลบางปะกอก 1,2 ซอยสุขสวัสดิ์ 25/1 ถ.สุขสวัสดิ์ แขวงบางปะกอก เขตราษฏร์บูรณะ กรุงเทพฯ 10140,1024,ราษฎร์บูรณะ,0 2109 1111,www.bangpakok1.com,120,13.67875375,100.4988424,เอกชน,NO,YES,NO,1684,14.03333333,3
11667,โรงพยาบาล ไอเอ็มเอช ธนบุรี,146 ถนน สุขสวัสดิ์ แขวง บางปะกอก เขต ราษฎร์บูรณะ กรุงเทพฯ 10140,1024,ราษฎร์บูรณะ,0 2427 9966,https://www.imhthonburi.com/,100,13.6776348,100.498521,เอกชน,YES,NO,YES,1272,12.72,3
11468,ทัณฑสถาน โรงพยาบาลราชทัณฑ์,33/2 ถนนงามวงศ์วาน แขวงลาดยาว เขตจตุจักร กรุงเทพมหานคร 10900,1030,จตุจักร,0 2953 3999,www.hosdoc.com,320,13.84996458,100.5546815,รัฐ,NO,NO,YES,2181,6.815625,3
11481,โรงพยาบาลพระมงกุฎเกล้า,315 ถนนราชวิถี แขวงทุ่งพญาไท เขตราชเทวี กรุงเทพมหานคร 10400,1037,ราชเทวี,0 2763 9300,www.pmk.ac.th,1236,13.76785111,100.5347723,รัฐ,YES,YES,YES,1422,1.150485437,3
42205,โรงพยาบาลเฉพาะทางศัลยกรรมตกแต่งและทันตกรรม เอสแอลซี,916/6 ซ. สุขุมวิท 55 แขวง คลองตันเหนือ เขตวัฒนา กรุงเทพมหานคร 10110,1039,วัฒนา,0 2381 0383-4,www.slc.hospital,2,13.7383319,100.5843361,เอกชน,NO,NO,NO,549,274.5,2
11711,โรงพยาบาลเฉพาะทางมะเร็งกรุงเทพ,44 ซอยอารีย์1 ถนนพหลโยธิน แขวงสามแสนใน เขตพญาไท กรุงเทพฯ 10400,1014,พญาไท,0 2278 5716 -21,www.bkkcs.com,30,13.77930633,100.5430504,เอกชน,NO,YES,NO,2944,98.13333333,2
41960,โรงพยาบาลนมะรักษ์,2414 ถนนเพชรบุรีตัดใหม่ แขวงบางกะปิ เขตห้วยขวาง กรุงเทพฯ 10310,1017,ห้วยขวาง,0 2059 0245-51,www.namarak.com/,10,13.74440793,100.5840625,เอกชน,NO,NO,NO,773,77.3,2
28847,โรงพยาบาลเฉพาะทางศัลยกรรมตกแต่งกมล,1223 ซอย ศรีวรา แขวง พลับพลา เขตวังทองหลาง กรุงเทพฯ 10310,1045,วังทองหลาง,0 2559 0155,www.kamolhospital.com/,31,13.77297938,100.6120815,เอกชน,NO,NO,NO,1544,49.80645161,2
11609,โรงพยาบาลพญาไท 2,943 ถนนพหลโยธิน แขวงสามเสนใน เขตพญาไท กรุงเทพฯ 10400,1014,พญาไท,0 2617 2444,www.phyathai.com,260,13.76994895,100.5404458,เอกชน,NO,YES,NO,6978,26.83846154,2
11729,โรงพยาบาลลาดพร้าว,2699 ถนนลาดพร้าว เแขวงคลองเจ้าคุณสิงห์ เขตวังทองหลาง กรุงเทพฯ 10310,1045,วังทองหลาง,0 2530 2556,www.ladpraohospital.com,180,13.77855107,100.6238923,เอกชน,NO,YES,YES,1887,10.48333333,2
42167,โรงพยาบาลวิมุต,500 ถนนพหลโยธิน แขวงสามเสนใน เขตพญาไท กรุงเทพมหานคร 10400,1014,พญาไท,0 2079 0000,https://www.vimut.com/home,100,13.78871081,100.5482174,เอกชน,NO,NO,NO,774,7.74,2
11603,โรงพยาบาลเทียนฟ้ามูลนิธิ,606 ซุ้มประตูเฉลิมพระเกียรติ ถนนเยาวราช เขตสัมพันธวงศ์ กรุงเทพฯ 10100,1013,สัมพันธวงศ์,0 2233 0955,www.thianfah.com,60,13.73814474,100.511878,เอกชน,NO,NO,NO,444,7.4,2
12438,สถาบันสุขภาพเด็กแห่งชาติมหาราชินี,420/8 ถนนราชวิถี แขวงทุ่งพญาไท เขตราชเทวี กรุงเทพมหานคร 10400,1037,ราชเทวี,0 2245 7198,www.childrenhospital.go.th,538,13.76535401,100.5351352,รัฐ,YES,YES,NO,1025,1.905204461,2
42822,โรงพยาบาลเจแปนนิสบาย สมิติเวช,118 ซอย สุขุมวิท 49 แขวง คลองเตยเหนือ เขตวัฒนา กรุงเทพมหานคร 10110,1039,วัฒนา,0 2022 2222,www.samitivejhospitals.com/th,30,13.73485163,100.5773131,เอกชน,NO,NO,NO,3651,121.7,1
42460,โรงพยาบาลดับเบิลยูไอเอช อินเตอร์เนชั่นแนล,1798 ถ.เทพรัตน แขวง บางนา เขตบางนา กรุงเทพมหานคร 10260,1047,บางนา,0 2078 8994,https://www.wihhospital.com/,41,13.66397703,100.650696,เอกชน,NO,NO,NO,784,19.12195122,1
12246,สถาบันราชานุกูล,4737 ถนนดินแดง แขวงดินแดง เขตดินแดง กรุงเทพมหานคร 10320,1026,ดินแดง,0 2248 8900,www.rajanukul.go.th,260,13.76135419,100.5545845,รัฐ,YES,YES,NO,3282,12.62307692,1
12249,สถาบันโรคผิวหนัง,420/7 ถนนราชวิถี แขวงทุ่งพญาไท เขตราชเทวี กรุงเทพมหานคร 10400,1037,ราชเทวี,0 2354 5222,www.inderm.go.th,43,13.7656573,100.5357845,รัฐ,NO,YES,NO,494,11.48837209,1
11591,โรงพยาบาลสุขุมวิท,1411 ถนนสุขุมวิท (ใกล้สถานีรถไฟฟ้าเอกมัย) แขวงพระโขนงเหนือ เขตวัฒนา กรุงเทพฯ 10110,1039,วัฒนา,0 2391 0011,www.sukumvithospital.com,80,13.71904171,100.5872669,เอกชน,NO,YES,NO,785,9.8125,1
23560,โรงพยาบาลโรคปอดกรุงเทพ,1281 ถนนพหลโยธิน แขวงสามเสนใน เขตพญาไท กรุงเทพมหานคร,1014,พญาไท,0 2279 9935,-,50,13.78474681,100.5461103,รัฐ,NO,NO,NO,451,9.02,1
22342,โรงพยาบาลวัฒนโนสถอินเตอร์,87 ซอยศูนย์วิจัย 7 ถนน เพชรบุรีตัดใหม่ เขต ห้วยขวาง กรุงเทพมหานคร 10310,1017,ห้วยขวาง,0 2310 3000,www.wattanosothcancerhospital.com/,30,13.7478805,100.5824122,เอกชน,NO,NO,NO,239,7.966666667,1
41937,โรงพยาบาลชีวา ทรานสิชั่นนัล แคร์,39/2 ซอยศูนย์วิจัย 7 ถนนเพชรบุรีตัดใหม่ แขวงบางกะปิ เขตห้วยขวาง กรุงเทพ 10310,1017,ห้วยขวาง,0 2310 3000,https://chivatransitionalcare.com/,52,13.75119986,100.5835071,เอกชน,NO,NO,NO,396,7.615384615,1
15199,โรงพยาบาลคณะทันตแพทย์ศาสตร์ จุฬาลงกรณ์มหาวิทยาลัย,34 ถนนอังรีดูนังต์ ซ.64 แขวงปทุมวัน เขตปทุมวัน กรุงเทพมหานคร 10330,1007,ปทุมวัน,0 2218 8635,www.dent.chula.ac.th,40,13.74328985,100.5350191,รัฐ,YES,YES,YES,180,4.5,1
13757,โรงพยาบาลเวชศาสตร์เขตร้อน มหาวิทยาลัยมหิดล,420/6 ถนนราชวิถี แขวงทุ่งพญาไท เขตราชเทวี กรุงเทพมหานคร 10400,1037,ราชเทวี,0 2306 9199,www.tm.mahidol.ac.th/hospital/index-th.php,250,13.76628174,100.5342165,รัฐ,YES,YES,NO,915,3.66,1
14173,โรงพยาบาลตำรวจ,492/1 ถนนพระรามที่ 1 แขวงปทุมวัน เขตปทุมวัน กรุงเทพมหานคร 10330,1007,ปทุมวัน,0 2252 8111 -25,www.policehospital.org,736,13.74376935,100.5393036,รัฐ,YES,YES,YES,1789,2.430706522,1
11715,โรงพยาบาลพญาไท 1,364/1 ถนนศรีอยุธยา แขวงถนนพญาไท เขตราชเทวี กรุงเทพฯ 10400,1037,ราชเทวี,0 2640 1111,www.phyathai.com,350,13.75623618,100.5390336,เอกชน,NO,YES,NO,746,2.131428571,1
11582,โรงพยาบาลทั่วไปขนาดใหญ่ศิครินทร์,976 ถนนลาซาล แขวงบางนาใต้ เขตบางนา กรุงเทพฯ 10260,1047,บางนา,0 2366 9900,www.sikarin.com,258,13.65447251,100.6459529,เอกชน,NO,YES,YES,264,1.023255814,1
11630,โรงพยาบาลกรุงเทพ,2 ซอยศูนย์วิจัย7 ถนนเพชรบุรีตัดใหม่ แขวงบางกะปิ เขตห้วยขวาง กรุงเทพฯ 10320,1017,ห้วยขวาง,0 2310 3000,www.bangkokhospital.com,263,13.74903979,100.5834648,เอกชน,NO,YES,NO,150,0.5703422053,1
23762,โรงพยาบาลนวุติสมเด็จย่า,1279 ถนน พหลโยธิน แขวง สามเสนใน เขต พญาไท กรุงเทพมหานคร 10400,1014,พญาไท,0 2279 4457,-,0,13.78442356,100.545766,รัฐ,NO,YES,NO,0,ไม่มีเตียง,0
13756,โรงพยาบาลจุฬาลงกรณ์ สภากาชาดไทย,1873 ถนนพระรามที่ 4 แขวงปทุมวัน เขตปทุมวัน กรุงเทพมหานคร 10330,1007,ปทุมวัน,0 2564 0000,www.chulalongkornhospital.go.th,1433,13.73092972,100.5355674,รัฐ,YES,YES,YES,0,0,0
13781,โรงพยาบาลรามาธิบดี มหาวิทยาลัยมหิดล,270 ถนนพระรามที่ 6 แขวงทุ่งพญาไท เขตราชเทวี กรุงเทพมหานคร 10400,1037,ราชเทวี,0 2201 1000,www.med.mahidol.ac.th,938,13.76642011,100.5264954,รัฐ,YES,YES,YES,0,0,0
11472,โรงพยาบาลราชวิถี,2 ถนนราชวิถี แขวงทุ่งพญาไท เขตราชเทวี กรุงเทพมหานคร 10400,1037,ราชเทวี,0 2354 8108 -37 ต่อ 3037,www.rajavithi.go.th,909,13.76425896,100.5367927,รัฐ,YES,YES,YES,0,0,0
11750,โรงพยาบาลหัวเฉียว,665 ถนนบำรุงเมือง แขวงคลองมหานาค เขตป้อมปราบศัตรูพ่าย กรุงเทพฯ 10100,1008,ป้อมปราบศัตรูพ่าย,0 2223 1351,www.hc-hospital.com,338,13.75013625,100.5154319,เอกชน,NO,YES,YES,0,0,0
11811,โรงพยาบาลสมิติเวช สุขุมวิท,133 สุขุมวิท 49 แขวงคลองตันเหนือ เขตวัฒนา กรุงเทพฯ 10110,1039,วัฒนา,0 2022 2222,www.samitivejhospitals.com/th/สมิติเวชสุขุมวิท/,275,13.73463925,100.5765998,เอกชน,NO,YES,NO,0,0,0
12250,สถาบันมะเร็งแห่งชาติ,268/1 ถนนพระรามที่ 6 แขวงทุ่งพญาไท เขตราชเทวี กรุงเทพมหานคร 10400,1037,ราชเทวี,0 2354 7025,www.nci.go.th,200,13.76742605,100.5275377,รัฐ,YES,YES,NO,0,0,0
11628,โรงพยาบาลพระรามเก้า,99 ซอยแสงแจ่ม แขวงบางกะปิ เขตห้วยขวาง กรุงเทพฯ 10320,1017,ห้วยขวาง,0 2202 9999,www.praram9.com,160,13.75324397,100.5705934,เอกชน,NO,YES,NO,0,0,0
11648,โรงพยาบาลนครธน,1 ซอยพระรามที่ 2 ซอย 56 แขวงแสมดำ เขตบางขุนเทียน กรุงเทพฯ 10150,1021,บางขุนเทียน,0 2450 9999,www.nakornthon.com,150,13.66064255,100.4339649,เอกชน,NO,YES,NO,0,0,0
11697,โรงพยาบาลคามิลเลียน,423 ถนนสุขุมวิท 55 (ทองหล่อ) แขวงคลองตันเหนือ เขตวัฒนา กรุงเทพฯ 10110,1039,วัฒนา,0 2185 1444,www.camillianhospital.org,120,13.73899659,100.5835823,เอกชน,NO,YES,NO,0,0,0
11632,โรงพยาบาลปิยะเวท,998 ถนนริมคลองสามเสน (พระราม 9) แขวงบางกะปิ เขตห้วยขวาง กรุงเทพฯ 10310,1017,ห้วยขวาง,0 2641 4499,www.piyavate.com,100,13.75367149,100.5800745,เอกชน,NO,YES,NO,0,0,0
22339,โรงพยาบาลเดอะซีเนียน์ สาขารัชดาภิเษก,119 ซอยรัชดาภิเษก 44 แขวงจันทรเกษม เขตจตุจักร กรุงเทพฯ 10900,1030,จตุจักร,0 2511 0303,www.senior.co.th,59,13.82742087,100.5745305,เอกชน,NO,NO,NO,0,0,0
21597,โรงพยาบาลหัวใจกรุงเทพ,555 ซอยศูนย์วิจัย 7 ถนนเพชรบุรีตัดใหม่ แขวงบางกะปิ เขตห้วยขวาง กรุงเทพมหานคร 10310,1017,ห้วยขวาง,0 2310 3323,www.bangkokhospital.com/hearthospital/th,56,13.74798351,100.5832636,เอกชน,NO,NO,NO,0,0,0
22342,โรงพยาบาลวัฒโนสถ,85 ซอยศูนย์วิจัย 7 ถนนเพชรบุรีตัดใหม่ แขวงบางกะปิ เขตห้วยขวาง กรุงเทพฯ 10320,1017,ห้วยขวาง,0 2310-3000,www.wattanosothcancerhospital.com/,49,13.74809642,100.5825708,เอกชน,NO,YES,NO,0,0,0
23956,โรงพยาบาลผิวหนัง อโศก,18 ถนนอโศก-ดินแดง แขวงบางกะปิ เขตห้วยขวาง กรุงเทพฯ 10320,1017,ห้วยขวาง,0 2246 5111,www.skinhospital.co.th,32,13.75083427,100.564317,เอกชน,NO,NO,NO,0,0,0
22341,โรงพยาบาลกรุงเทพอินเตอร์เนชั่นแนล,5 ซอยศูนย์วิจัย 5 แขวงบางกะปิ เขตห้วยขวาง กรุงเทพฯ 10320,1017,ห้วยขวาง,0 2310 3227,www.bangkokhospital.com/,30,13.74825995,100.5824424,เอกชน,NO,NO,NO,0,0,0
11571,สถานพยาบาลเจตนิน,5 ซอยชิดลม ถนนเพลินจิต แขวงลุมพินี เขตปทุมวัน กรุงเทพฯ 10330,1007,ปทุมวัน,0 2655 5300 -10,www.jetanin.com/th/home/index,20,13.74718832,100.5447447,เอกชน,NO,NO,NO,0,0,0
11694,โรงพยาบาลจักษุ รัตนิน,80/1 ถ.สุขุมวิท 21 (อโศก) แขวงคลองเตยเหนือ เขตวัฒนา กรุงเทพฯ 10110,1039,วัฒนา,0 2639 3399,www.rutnin.com,12,13.74653931,100.5631049,เอกชน,NO,NO,NO,0,0,0
41767,โรงพยาบาลบีบีเอช สุขุมวิท 39,11 ซอยสุขุมวิท 39 ถนนสุขุมวิท แขวงคลองตันเหนือ เขตวัฒนา กรุงเทพฯ 10110,1039,วัฒนา,0 2662 8464-6,www.bbhhospital.com/,8,13.73231787,100.5706666,เอกชน,NO,NO,NO,0,0,0